Skill_Block,Purpose,When_to_Inject,Primary_Recovery,Reducer_Guard,Cadence_Mode,Covered_Failure_IDs,Notes
cadence_downshift,Slow down when user/harness risk rises.,Inject when the current stage matches one of the covered failure rows.,Downshift confidence; ask confirm,Risk can override requested fast mode,low_confidence,"F055, F131",Generated from Failure_Map; refine as real trials produce evidence.
cadence_upshift,Raise speed for low-risk physical steps.,Inject when the current stage matches one of the covered failure rows.,Upshift confidence for low-risk chunks,Low-risk physical chunk can infer likely intent,high_confidence_fast,"F056, F132",Generated from Failure_Map; refine as real trials produce evidence.
composer_occupied_guard,Reusable rule block for a specific failure boundary.,Inject when the current stage matches one of the covered failure rows.,Hold pending recovery; ask or show status,Never overwrite non-protocol composer text,low_confidence,"F043, F086",Generated from Failure_Map; refine as real trials produce evidence.
packet_minimal_disclosure,Reusable rule block for a specific failure boundary.,Inject when the current stage matches one of the covered failure rows.,Minimize/redact to current state,Packets carry least necessary state,low_confidence,"F031, F128",Generated from Failure_Map; refine as real trials produce evidence.
skill_regression_suite,Reusable rule block for a specific failure boundary.,Inject when the current stage matches one of the covered failure rows.,Run regression suite per skill change,Every skill change covers old and new cases,contextual_confidence,"F078, F133",Generated from Failure_Map; refine as real trials produce evidence.
active_chunk_required,Reusable rule block for a specific failure boundary.,Inject when the current stage matches one of the covered failure rows.,Repair with active_chunk and completion_condition,No check-in command without active_chunk,fast_check_in,F024,Generated from Failure_Map; refine as real trials produce evidence.
ambiguity_counter,Reusable rule block for a specific failure boundary.,Inject when the current stage matches one of the covered failure rows.,Track ambiguity_count,Ask once; then hold or safe default by mode,low_confidence,F071,Generated from Failure_Map; refine as real trials produce evidence.
answer_then_return,Reusable rule block for a specific failure boundary.,Inject when the current stage matches one of the covered failure rows.,Answer briefly then return to route,Side answer ends with active route restoration,fast_check_in,F062,Generated from Failure_Map; refine as real trials produce evidence.
artifact_consistency_check,Reusable rule block for a specific failure boundary.,Inject when the current stage matches one of the covered failure rows.,Single source compile pipeline; checksum state,Packet generated from fixture/current state only,low_confidence,F020,Generated from Failure_Map; refine as real trials produce evidence.
autonomy_scope_gate,Reusable rule block for a specific failure boundary.,Inject when the current stage matches one of the covered failure rows.,Insert autonomy boundary and require explicit mode,No hidden action without explicit trusted/POC/user-triggered mode,low_confidence,F009,Generated from Failure_Map; refine as real trials produce evidence.
away_state_policy,Reusable rule block for a specific failure boundary.,Inject when the current stage matches one of the covered failure rows.,Set hold/recovery phase,"Long silence means hold/recovery, not failure",low_confidence_recovery,F066,Generated from Failure_Map; refine as real trials produce evidence.
boundary_case_expander,Reusable rule block for a specific failure boundary.,Inject when the current stage matches one of the covered failure rows.,Auto-expand boundary cases,Every workflow has drift and repair tests,slow_decision_boundary,F019,Generated from Failure_Map; refine as real trials produce evidence.
boundary_task_only,Reusable rule block for a specific failure boundary.,Inject when the current stage matches one of the covered failure rows.,Use tasks only delayed recovery flares,Task creation only at timed boundary/pause,fast_check_in,F088,Generated from Failure_Map; refine as real trials produce evidence.
cadence_anchor_request,Reusable rule block for a specific failure boundary.,Inject when the current stage matches one of the covered failure rows.,Ask for one timing anchor or choose low-friction default,Every active route gets cadence policy,slow_decision_boundary,F003,Generated from Failure_Map; refine as real trials produce evidence.
cadence_required,Reusable rule block for a specific failure boundary.,Inject when the current stage matches one of the covered failure rows.,Add cadence/confidence governor,Every command names cadence mode,contextual_confidence,F032,Generated from Failure_Map; refine as real trials produce evidence.
cadence_risk_matrix,Reusable rule block for a specific failure boundary.,Inject when the current stage matches one of the covered failure rows.,Risk/cadence matrix,Risk and cadence influence clarify/commit threshold,contextual_confidence,F077,Generated from Failure_Map; refine as real trials produce evidence.
chrome_only_canonical,Reusable rule block for a specific failure boundary.,Inject when the current stage matches one of the covered failure rows.,Chrome-only canonical rule,Firefox fallback/probe only unless changed,fast_check_in,F112,Generated from Failure_Map; refine as real trials produce evidence.
closed_transition_table,Reusable rule block for a specific failure boundary.,Inject when the current stage matches one of the covered failure rows.,Closed transition table,Unknown transitions reject to repair/hold,low_confidence,F069,Generated from Failure_Map; refine as real trials produce evidence.
command_id_guard,Reusable rule block for a specific failure boundary.,Inject when the current stage matches one of the covered failure rows.,Ignore footer and insert repair if needed,No commit from mismatched command_id,low_confidence,F023,Generated from Failure_Map; refine as real trials produce evidence.
completion_condition_lock,Reusable rule block for a specific failure boundary.,Inject when the current stage matches one of the covered failure rows.,Require observable finish condition for route/chunks,No terminal state without completion condition,slow_decision_boundary,F004,Generated from Failure_Map; refine as real trials produce evidence.
composer_ready_wait,Reusable rule block for a specific failure boundary.,Inject when the current stage matches one of the covered failure rows.,Bounded wait/retry status,Wait but do not loop forever,fast_check_in,F103,Generated from Failure_Map; refine as real trials produce evidence.
composer_selector_cascade,Reusable rule block for a specific failure boundary.,Inject when the current stage matches one of the covered failure rows.,Selector cascade and visible fail status,No silent failure; dataset insert_status,low_confidence,F033,Generated from Failure_Map; refine as real trials produce evidence.
composer_target_kind_switch,Reusable rule block for a specific failure boundary.,Inject when the current stage matches one of the covered failure rows.,Target-kind-specific insertion path,Handle textarea/input/contenteditable,fast_check_in,F034,Generated from Failure_Map; refine as real trials produce evidence.
concrete_chunk_labels,Reusable rule block for a specific failure boundary.,Inject when the current stage matches one of the covered failure rows.,Rewrite to verb-object chunks,active_chunk requires verb+object+finish condition,slow_decision_boundary,F014,Generated from Failure_Map; refine as real trials produce evidence.
confidence_gain_tuning,Reusable rule block for a specific failure boundary.,Inject when the current stage matches one of the covered failure rows.,Raise confidence for low-risk physical chunks,Cadence adjusted from failure metrics,high_confidence_fast,F124,Generated from Failure_Map; refine as real trials produce evidence.
confidence_router,Reusable rule block for a specific failure boundary.,Inject when the current stage matches one of the covered failure rows.,Risk-aware skill router,High-risk stages downrank fast skills,low_confidence,F142,Generated from Failure_Map; refine as real trials produce evidence.
constraint_conflict_resolver,Reusable rule block for a specific failure boundary.,Inject when the current stage matches one of the covered failure rows.,Ask one forced-choice question or park conflict,No route compile until hard conflict resolved,low_confidence,F002,Generated from Failure_Map; refine as real trials produce evidence.
contextual_intents,Reusable rule block for a specific failure boundary.,Inject when the current stage matches one of the covered failure rows.,Narrow intents by phase,Allowed intents depend on phase/chunk,fast_check_in,F025,Generated from Failure_Map; refine as real trials produce evidence.
debug_noise_filter,Reusable rule block for a specific failure boundary.,Inject when the current stage matches one of the covered failure rows.,Filter by ORION/dataset status,Result uses stamp/status not console cleanliness,fast_check_in,F104,Generated from Failure_Map; refine as real trials produce evidence.
device_pass_required,Reusable rule block for a specific failure boundary.,Inject when the current stage matches one of the covered failure rows.,Separate local/Pages/device pass,Orion runtime pass needs device evidence,slow_decision_boundary,F114,Generated from Failure_Map; refine as real trials produce evidence.
done_enough_policy,Reusable rule block for a specific failure boundary.,Inject when the current stage matches one of the covered failure rows.,Accept on low-risk; confirm on high-risk,Risk/cadence decides clarify vs accept,contextual_confidence,F057,Generated from Failure_Map; refine as real trials produce evidence.
done_vs_move_on,Separate completion from advancement.,Inject when the current stage matches one of the covered failure rows.,Inject done_vs_move_on; reject advance,done completes; move_on advances exactly one chunk,fast_check_in,F047,Generated from Failure_Map; refine as real trials produce evidence.
event_dedupe,Reusable rule block for a specific failure boundary.,Inject when the current stage matches one of the covered failure rows.,Dedupe by event_id/state_version,Event can commit once,fast_check_in,F074,Generated from Failure_Map; refine as real trials produce evidence.
event_queue_priority,Reusable rule block for a specific failure boundary.,Inject when the current stage matches one of the covered failure rows.,Event queue and user-input priority,User-visible action wins over background signal,low_confidence,F073,Generated from Failure_Map; refine as real trials produce evidence.
exact_recovery_token,Reusable rule block for a specific failure boundary.,Inject when the current stage matches one of the covered failure rows.,Use exact token and secondary cues,Recovery tasks include literal token,low_confidence_recovery,F080,Generated from Failure_Map; refine as real trials produce evidence.
explicit_commit_policy,Reusable rule block for a specific failure boundary.,Inject when the current stage matches one of the covered failure rows.,Inject explicit policy,Every command has named commit_policy,slow_decision_boundary,F026,Generated from Failure_Map; refine as real trials produce evidence.
extension_enabled_check,Reusable rule block for a specific failure boundary.,Inject when the current stage matches one of the covered failure rows.,Install-state checklist/fallback,No test without build stamp,fast_check_in,F100,Generated from Failure_Map; refine as real trials produce evidence.
external_signal_dedupe,Reusable rule block for a specific failure boundary.,Inject when the current stage matches one of the covered failure rows.,Dedupe external signals,External event commits once,fast_check_in,F095,Generated from Failure_Map; refine as real trials produce evidence.
external_signal_min_state,Reusable rule block for a specific failure boundary.,Inject when the current stage matches one of the covered failure rows.,Carry minimal IDs or request lookup,External signals include route/session when possible,low_confidence_recovery,F098,Generated from Failure_Map; refine as real trials produce evidence.
failure_map_learning_loop,Reusable rule block for a specific failure boundary.,Inject when the current stage matches one of the covered failure rows.,Post-run failure row update workflow,Every new live failure becomes row/test candidate,fast_check_in,F157,Generated from Failure_Map; refine as real trials produce evidence.
failure_map_lookup,Reusable rule block for a specific failure boundary.,Inject when the current stage matches one of the covered failure rows.,Predict failure from map before packet,Packet builder consults failure taxonomy,contextual_confidence,F135,Generated from Failure_Map; refine as real trials produce evidence.
failure_map_to_fixture,Reusable rule block for a specific failure boundary.,Inject when the current stage matches one of the covered failure rows.,Map every row to test/recovery/guard,Every failure maps to mechanism and test,fast_check_in,F116,Generated from Failure_Map; refine as real trials produce evidence.
fast_physical_prompt,Reusable rule block for a specific failure boundary.,Inject when the current stage matches one of the covered failure rows.,Inject fast physical style,Fast mode is terse and action-oriented,high_confidence_fast,F051,Generated from Failure_Map; refine as real trials produce evidence.
footer_is_proposal,Reusable rule block for a specific failure boundary.,Inject when the current stage matches one of the covered failure rows.,Validate independently,"Footer is proposal, not authority",low_confidence,F067,Generated from Failure_Map; refine as real trials produce evidence.
footer_repair,Reusable rule block for a specific failure boundary.,Inject when the current stage matches one of the covered failure rows.,Soft parse or ask footer repair in test mode,No unstructured commit unless manual override,low_confidence,F046,Generated from Failure_Map; refine as real trials produce evidence.
foreground_live_watcher,Reusable rule block for a specific failure boundary.,Inject when the current stage matches one of the covered failure rows.,Treat foreground as live-only; rescan on focus,No background reliability assumption,low_confidence_recovery,F102,Generated from Failure_Map; refine as real trials produce evidence.
foreground_liveness_probe,Reusable rule block for a specific failure boundary.,Inject when the current stage matches one of the covered failure rows.,Heartbeat/status stamp and reload-safe recovery,Long-session tests log liveness without state mutation,low_confidence_recovery,F108,Generated from Failure_Map; refine as real trials produce evidence.
foreground_recovery_scan,Reusable rule block for a specific failure boundary.,Inject when the current stage matches one of the covered failure rows.,Foreground scan recent messages / Shortcut fallback,On resume scan recent DOM for token,low_confidence_recovery,F083,Generated from Failure_Map; refine as real trials produce evidence.
freshness_guard,Reusable rule block for a specific failure boundary.,Inject when the current stage matches one of the covered failure rows.,Refresh/re-anchor before send,Old packet requires refresh/recovery,low_confidence,F030,Generated from Failure_Map; refine as real trials produce evidence.
friction_score,Reusable rule block for a specific failure boundary.,Inject when the current stage matches one of the covered failure rows.,Add friction score alongside correctness,Workflow pass includes burden/friction metric,contextual_confidence,F153,Generated from Failure_Map; refine as real trials produce evidence.
friction_sensitive_check_in,Reusable rule block for a specific failure boundary.,Inject when the current stage matches one of the covered failure rows.,Switch to humane micro-step or pause,Friction lowers cadence and shrinks next action,low_confidence,F008,Generated from Failure_Map; refine as real trials produce evidence.
friction_to_microstep,Reusable rule block for a specific failure boundary.,Inject when the current stage matches one of the covered failure rows.,Acknowledge and shrink/pause,Frustration lowers cadence,low_confidence,F061,Generated from Failure_Map; refine as real trials produce evidence.
generic_ack_guard,Reusable rule block for a specific failure boundary.,Inject when the current stage matches one of the covered failure rows.,Clarify if prior prompt had multiple choices,Generic ack commits only after single-option prompt,low_confidence,F065,Generated from Failure_Map; refine as real trials produce evidence.
humane_repair_copy,Reusable rule block for a specific failure boundary.,Inject when the current stage matches one of the covered failure rows.,Humane repair copy,Repair states facts and tiny next move,low_confidence_recovery,F125,Generated from Failure_Map; refine as real trials produce evidence.
idempotent_insert,Reusable rule block for a specific failure boundary.,Inject when the current stage matches one of the covered failure rows.,Replace by command_id; do not append,Same command_id cannot duplicate,fast_check_in,F037,Generated from Failure_Map; refine as real trials produce evidence.
input_lifecycle_required,Reusable rule block for a specific failure boundary.,Inject when the current stage matches one of the covered failure rows.,Dispatch beforeinput/input/change,Insert verifies composer match and send state,fast_check_in,F035,Generated from Failure_Map; refine as real trials produce evidence.
inspector_context_check,Reusable rule block for a specific failure boundary.,Inject when the current stage matches one of the covered failure rows.,Context checklist; page-visible stamp,No test proceeds without correct URL/stamp,fast_check_in,F044,Generated from Failure_Map; refine as real trials produce evidence.
intent_synonym_map,Reusable rule block for a specific failure boundary.,Inject when the current stage matches one of the covered failure rows.,Add phrase-class examples but commit via reducer rules,"Intent mapping feeds proposal, reducer still guards",contextual_confidence,F139,Generated from Failure_Map; refine as real trials produce evidence.
intent_vocab_lock,Reusable rule block for a specific failure boundary.,Inject when the current stage matches one of the covered failure rows.,Map to supported intent or explicit route mutation,Unsupported intents rejected/mapped by rule,low_confidence,F017,Generated from Failure_Map; refine as real trials produce evidence.
invariant_scoring_only,Reusable rule block for a specific failure boundary.,Inject when the current stage matches one of the covered failure rows.,Score invariants not prose,Exact prose never primary pass condition,fast_check_in,F045,Generated from Failure_Map; refine as real trials produce evidence.
